Industry,year,Quarter,compensation
Accommodation,2015,1,458.7
Accommodation&FoodServices,2015,1,1342.3
Administrative&SupportServices,2015,1,1648.9
"Arts,Entertainment&Recreation",2015,1,579.2
Construction,2015,1,3346.3
Education,2015,1,2900.8
Finance&Insurance,2015,1,5759
Food&BeverageServices,2015,1,883.6
Health&SocialServices,2015,1,2190.2
Information&Communications,2015,1,2445.9
Manufacturing,2015,1,6836.9
OtherGoodsIndustries,2015,1,17.4
OtherServices-Others,2015,1,1063.1
OtherServicesIndustries,2015,1,9863.2
ProfessionalServices,2015,1,4413.3
PublicAdministration&Defence,2015,1,3129.9
RealEstate,2015,1,855.7
"RealEstate,ProfessionalServicesAndAdministrative&SupportServices",2015,1,6917.9
RetailTrade,2015,1,1080.7
Total,2015,1,46809.4
Transportation&Storage,2015,1,3093.3
Utilities,2015,1,429.7
Wholesale&RetailTrade,2015,1,6757.5
WholesaleTrade,2015,1,5676.8
Accommodation,2015,2,371.1
Accommodation&FoodServices,2015,2,1184.6
Administrative&SupportServices,2015,2,1632.6
"Arts,Entertainment&Recreation",2015,2,556.9
Construction,2015,2,2889.1
Education,2015,2,2423.3
Finance&Insurance,2015,2,5820.5
Food&BeverageServices,2015,2,813.5
Health&SocialServices,2015,2,1917.9
Information&Communications,2015,2,2448
Manufacturing,2015,2,5721
OtherGoodsIndustries,2015,2,16.2
OtherServices-Others,2015,2,1027.6
OtherServicesIndustries,2015,2,7958
ProfessionalServices,2015,2,3952.3
PublicAdministration&Defence,2015,2,2032.3
RealEstate,2015,2,763.6
"RealEstate,ProfessionalServicesAndAdministrative&SupportServices",2015,2,6348.5
RetailTrade,2015,2,1020.2
Total,2015,2,41582.5
Transportation&Storage,2015,2,2891.4
Utilities,2015,2,332.6
Wholesale&RetailTrade,2015,2,5972.6
WholesaleTrade,2015,2,4952.4
Accommodation,2015,3,361.8
Accommodation&FoodServices,2015,3,1191.3
Administrative&SupportServices,2015,3,1654.3
"Arts,Entertainment&Recreation",2015,3,575
Construction,2015,3,2954.4
Education,2015,3,2430.5
Finance&Insurance,2015,3,5737.6
Food&BeverageServices,2015,3,829.5
Health&SocialServices,2015,3,2362.4
Information&Communications,2015,3,2331.5
Manufacturing,2015,3,5544.6
OtherGoodsIndustries,2015,3,15.6
OtherServices-Others,2015,3,1059.1
OtherServicesIndustries,2015,3,8771.2
ProfessionalServices,2015,3,4057.1
PublicAdministration&Defence,2015,3,2344.2
RealEstate,2015,3,751
"RealEstate,ProfessionalServicesAndAdministrative&SupportServices",2015,3,6462.5
RetailTrade,2015,3,1151.9
Total,2015,3,42221.8
Transportation&Storage,2015,3,2866
Utilities,2015,3,356.4
Wholesale&RetailTrade,2015,3,5990.7
WholesaleTrade,2015,3,4838.8
Accommodation,2015,4,437.4
Accommodation&FoodServices,2015,4,1326.4
Administrative&SupportServices,2015,4,1747.2
"Arts,Entertainment&Recreation",2015,4,488.3
Construction,2015,4,3345.9
Education,2015,4,2729.2
Finance&Insurance,2015,4,6095.7
Food&BeverageServices,2015,4,889
Health&SocialServices,2015,4,1878.8
Information&Communications,2015,4,2496.4
Manufacturing,2015,4,6754.1
OtherGoodsIndustries,2015,4,17.1
OtherServices-Others,2015,4,1097.1
OtherServicesIndustries,2015,4,9012.8
ProfessionalServices,2015,4,4614.7
PublicAdministration&Defence,2015,4,2819.4
RealEstate,2015,4,870.7
"RealEstate,ProfessionalServicesAndAdministrative&SupportServices",2015,4,7232.6
RetailTrade,2015,4,1188.2
Total,2015,4,47073.2
Transportation&Storage,2015,4,3363.6
Utilities,2015,4,360.7
Wholesale&RetailTrade,2015,4,7067.9
WholesaleTrade,2015,4,5879.7
Accommodation,2016,1,485.8
Accommodation&FoodServices,2016,1,1417
Administrative&SupportServices,2016,1,1758.8
"Arts,Entertainment&Recreation",2016,1,629.6
Construction,2016,1,3550.4
Education,2016,1,2995.6
Finance&Insurance,2016,1,5871.5
Food&BeverageServices,2016,1,931.2
Health&SocialServices,2016,1,2353.7
Information&Communications,2016,1,2699.2
Manufacturing,2016,1,6667.3
OtherGoodsIndustries,2016,1,18.1
OtherServices-Others,2016,1,1178.4
OtherServicesIndustries,2016,1,10590.6
ProfessionalServices,2016,1,4707.3
PublicAdministration&Defence,2016,1,3433.3
RealEstate,2016,1,829.3
"RealEstate,ProfessionalServicesAndAdministrative&SupportServices",2016,1,7295.4
RetailTrade,2016,1,1103
Total,2016,1,48782.7
Transportation&Storage,2016,1,3206.4
Utilities,2016,1,431.5
Wholesale&RetailTrade,2016,1,7035.3
WholesaleTrade,2016,1,5932.3
Accommodation,2016,2,383.2
Accommodation&FoodServices,2016,2,1238.7
Administrative&SupportServices,2016,2,1721.1
"Arts,Entertainment&Recreation",2016,2,569
Construction,2016,2,3005.8
Education,2016,2,2543.1
Finance&Insurance,2016,2,5913.8
Food&BeverageServices,2016,2,855.5
Health&SocialServices,2016,2,2093.3
Information&Communications,2016,2,2727.2
Manufacturing,2016,2,5685.8
OtherGoodsIndustries,2016,2,16.4
OtherServices-Others,2016,2,1123.8
OtherServicesIndustries,2016,2,8510.3
ProfessionalServices,2016,2,4243.5
PublicAdministration&Defence,2016,2,2181.1
RealEstate,2016,2,718.6
"RealEstate,ProfessionalServicesAndAdministrative&SupportServices",2016,2,6683.2
RetailTrade,2016,2,1052.2
Total,2016,2,43323.7
Transportation&Storage,2016,2,2967.3
Utilities,2016,2,338.3
Wholesale&RetailTrade,2016,2,6236.9
WholesaleTrade,2016,2,5184.7
Accommodation,2016,3,367.5
Accommodation&FoodServices,2016,3,1235.7
Administrative&SupportServices,2016,3,1715.1
"Arts,Entertainment&Recreation",2016,3,567.6
Construction,2016,3,3006.1
Education,2016,3,2524.9
Finance&Insurance,2016,3,5903.5
Food&BeverageServices,2016,3,868.2
Health&SocialServices,2016,3,2593.6
Information&Communications,2016,3,2540.4
Manufacturing,2016,3,5517.1
OtherGoodsIndustries,2016,3,16.1
OtherServices-Others,2016,3,1159
OtherServicesIndustries,2016,3,9329.9
ProfessionalServices,2016,3,4235.6
PublicAdministration&Defence,2016,3,2484.8
RealEstate,2016,3,690.3
"RealEstate,ProfessionalServicesAndAdministrative&SupportServices",2016,3,6641
RetailTrade,2016,3,1172.9
Total,2016,3,43777.4
Transportation&Storage,2016,3,3041.2
Utilities,2016,3,341.1
Wholesale&RetailTrade,2016,3,6205.3
WholesaleTrade,2016,3,5032.4
Accommodation,2016,4,444.4
Accommodation&FoodServices,2016,4,1372.3
Administrative&SupportServices,2016,4,1827.4
"Arts,Entertainment&Recreation",2016,4,513.7
Construction,2016,4,3319.3
Education,2016,4,2734.6
Finance&Insurance,2016,4,6274.1
Food&BeverageServices,2016,4,927.9
Health&SocialServices,2016,4,2064.7
Information&Communications,2016,4,2731.5
Manufacturing,2016,4,6718.3
OtherGoodsIndustries,2016,4,17.7
OtherServices-Others,2016,4,1193.9
OtherServicesIndustries,2016,4,9495
ProfessionalServices,2016,4,4943.3
PublicAdministration&Defence,2016,4,2988.1
RealEstate,2016,4,805
"RealEstate,ProfessionalServicesAndAdministrative&SupportServices",2016,4,7575.7
RetailTrade,2016,4,1210.7
Total,2016,4,48606.1
Transportation&Storage,2016,4,3366.9
Utilities,2016,4,384.2
Wholesale&RetailTrade,2016,4,7351.1
WholesaleTrade,2016,4,6140.4
Accommodation,2017,1,485.2
Accommodation&FoodServices,2017,1,1461.8
Administrative&SupportServices,2017,1,1881.5
"Arts,Entertainment&Recreation",2017,1,624.4
Construction,2017,1,3370.2
Education,2017,1,3169.2
Finance&Insurance,2017,1,6127.7
Food&BeverageServices,2017,1,976.6
Health&SocialServices,2017,1,2548.2
Information&Communications,2017,1,2879.9
Manufacturing,2017,1,6575.9
OtherGoodsIndustries,2017,1,18.2
OtherServices-Others,2017,1,1188.3
OtherServicesIndustries,2017,1,11095.5
ProfessionalServices,2017,1,4801.4
PublicAdministration&Defence,2017,1,3565.4
RealEstate,2017,1,836.5
"RealEstate,ProfessionalServicesAndAdministrative&SupportServices",2017,1,7519.4
RetailTrade,2017,1,1114.2
Total,2017,1,50036.2
Transportation&Storage,2017,1,3326.1
Utilities,2017,1,413
Wholesale&RetailTrade,2017,1,7248.5
WholesaleTrade,2017,1,6134.3
Accommodation,2017,2,388.6
Accommodation&FoodServices,2017,2,1244.4
Administrative&SupportServices,2017,2,1787.8
"Arts,Entertainment&Recreation",2017,2,539.2
Construction,2017,2,2852.4
Education,2017,2,2668.6
Finance&Insurance,2017,2,6262.7
Food&BeverageServices,2017,2,855.8
Health&SocialServices,2017,2,2214.3
Information&Communications,2017,2,2921.4
Manufacturing,2017,2,5768.2
OtherGoodsIndustries,2017,2,17
OtherServices-Others,2017,2,1211.4
OtherServicesIndustries,2017,2,8867.9
ProfessionalServices,2017,2,4372.3
PublicAdministration&Defence,2017,2,2234.4
RealEstate,2017,2,734.5
"RealEstate,ProfessionalServicesAndAdministrative&SupportServices",2017,2,6894.6
RetailTrade,2017,2,1058
Total,2017,2,44608.5
Transportation&Storage,2017,2,2999.5
Utilities,2017,2,350.8
Wholesale&RetailTrade,2017,2,6429.6
WholesaleTrade,2017,2,5371.6
Accommodation,2017,3,383.2
Accommodation&FoodServices,2017,3,1237.3
Administrative&SupportServices,2017,3,1796.1
"Arts,Entertainment&Recreation",2017,3,572.2
Construction,2017,3,2833.3
Education,2017,3,2677.3
Finance&Insurance,2017,3,6075.3
Food&BeverageServices,2017,3,854.1
Health&SocialServices,2017,3,2787.5
Information&Communications,2017,3,2763.9
Manufacturing,2017,3,5600.3
OtherGoodsIndustries,2017,3,16.8
OtherServices-Others,2017,3,1242.8
OtherServicesIndustries,2017,3,9878.4
ProfessionalServices,2017,3,4378.7
PublicAdministration&Defence,2017,3,2598.6
RealEstate,2017,3,702
"RealEstate,ProfessionalServicesAndAdministrative&SupportServices",2017,3,6876.8
RetailTrade,2017,3,1190.6
Total,2017,3,45226.6
Transportation&Storage,2017,3,3167
Utilities,2017,3,364.4
Wholesale&RetailTrade,2017,3,6413.1
WholesaleTrade,2017,3,5222.5
Accommodation,2017,4,467.6
Accommodation&FoodServices,2017,4,1383.9
Administrative&SupportServices,2017,4,1982.4
"Arts,Entertainment&Recreation",2017,4,546.3
Construction,2017,4,3103
Education,2017,4,2959.7
Finance&Insurance,2017,4,6652.3
Food&BeverageServices,2017,4,916.3
Health&SocialServices,2017,4,2209.4
Information&Communications,2017,4,2958.7
Manufacturing,2017,4,6929.4
OtherGoodsIndustries,2017,4,18.5
OtherServices-Others,2017,4,1279.6
OtherServicesIndustries,2017,4,10326.5
ProfessionalServices,2017,4,5110.5
PublicAdministration&Defence,2017,4,3331.5
RealEstate,2017,4,813.1
"RealEstate,ProfessionalServicesAndAdministrative&SupportServices",2017,4,7906
RetailTrade,2017,4,1242.2
Total,2017,4,50666.4
Transportation&Storage,2017,4,3464.4
Utilities,2017,4,412.9
Wholesale&RetailTrade,2017,4,7510.8
WholesaleTrade,2017,4,6268.6
Accommodation,2018,1,508.1
Accommodation&FoodServices,2018,1,1456
Administrative&SupportServices,2018,1,2021.6
"Arts,Entertainment&Recreation",2018,1,655.2
Construction,2018,1,3234.7
Education,2018,1,3318
Finance&Insurance,2018,1,6464.9
Food&BeverageServices,2018,1,947.9
Health&SocialServices,2018,1,2725.5
Information&Communications,2018,1,3086.7
Manufacturing,2018,1,6812.7
OtherGoodsIndustries,2018,1,19.3
OtherServices-Others,2018,1,1260
OtherServicesIndustries,2018,1,11703.6
ProfessionalServices,2018,1,5076
PublicAdministration&Defence,2018,1,3744.9
RealEstate,2018,1,808.1
"RealEstate,ProfessionalServicesAndAdministrative&SupportServices",2018,1,7905.7
RetailTrade,2018,1,1125.8
Total,2018,1,52097.5
Transportation&Storage,2018,1,3481.1
Utilities,2018,1,444.4
Wholesale&RetailTrade,2018,1,7488.4
WholesaleTrade,2018,1,6362.6
Accommodation,2018,2,411.2
Accommodation&FoodServices,2018,2,1279.3
Administrative&SupportServices,2018,2,1898.8
"Arts,Entertainment&Recreation",2018,2,556
Construction,2018,2,2766.6
Education,2018,2,2760.3
Finance&Insurance,2018,2,6598.6
Food&BeverageServices,2018,2,868.1
Health&SocialServices,2018,2,2345.7
Information&Communications,2018,2,3188.1
Manufacturing,2018,2,5823.9
OtherGoodsIndustries,2018,2,17.6
OtherServices-Others,2018,2,1274.6
OtherServicesIndustries,2018,2,9282.5
ProfessionalServices,2018,2,4691.2
PublicAdministration&Defence,2018,2,2345.9
RealEstate,2018,2,740.6
"RealEstate,ProfessionalServicesAndAdministrative&SupportServices",2018,2,7330.6
RetailTrade,2018,2,1081.9
Total,2018,2,46509.3
Transportation&Storage,2018,2,3228.4
Utilities,2018,2,355.6
Wholesale&RetailTrade,2018,2,6638.1
WholesaleTrade,2018,2,5556.2
Accommodation,2018,3,409.7
Accommodation&FoodServices,2018,3,1292.6
Administrative&SupportServices,2018,3,1875.8
"Arts,Entertainment&Recreation",2018,3,578.5
Construction,2018,3,2782.1
Education,2018,3,2765.2
Finance&Insurance,2018,3,6492.8
Food&BeverageServices,2018,3,882.9
Health&SocialServices,2018,3,2943.8
Information&Communications,2018,3,3022.4
Manufacturing,2018,3,5675.5
OtherGoodsIndustries,2018,3,17.5
OtherServices-Others,2018,3,1308.6
OtherServicesIndustries,2018,3,10284.9
ProfessionalServices,2018,3,4667.3
PublicAdministration&Defence,2018,3,2688.8
RealEstate,2018,3,717.6
"RealEstate,ProfessionalServicesAndAdministrative&SupportServices",2018,3,7260.7
RetailTrade,2018,3,1239.2
Total,2018,3,47124.5
Transportation&Storage,2018,3,3297.1
Utilities,2018,3,375.2
Wholesale&RetailTrade,2018,3,6623.7
WholesaleTrade,2018,3,5384.5
Accommodation,2018,4,500.9
Accommodation&FoodServices,2018,4,1453.1
Administrative&SupportServices,2018,4,2064.8
"Arts,Entertainment&Recreation",2018,4,540.4
Construction,2018,4,3129.3
Education,2018,4,3168
Finance&Insurance,2018,4,6998.1
Food&BeverageServices,2018,4,952.2
Health&SocialServices,2018,4,2308.5
Information&Communications,2018,4,3283.6
Manufacturing,2018,4,7155.6
OtherGoodsIndustries,2018,4,19.3
OtherServices-Others,2018,4,1344
OtherServicesIndustries,2018,4,10751.2
ProfessionalServices,2018,4,5322.4
PublicAdministration&Defence,2018,4,3390.3
RealEstate,2018,4,848.8
"RealEstate,ProfessionalServicesAndAdministrative&SupportServices",2018,4,8236
RetailTrade,2018,4,1292.2
Total,2018,4,52866.1
Transportation&Storage,2018,4,3576.2
Utilities,2018,4,422.2
Wholesale&RetailTrade,2018,4,7841.5
WholesaleTrade,2018,4,6549.3
Accommodation,2019,1,538.4
Accommodation&FoodServices,2019,1,1510.2
Administrative&SupportServices,2019,1,2073.8
"Arts,Entertainment&Recreation",2019,1,644.2
Construction,2019,1,3282.4
Education,2019,1,3167.8
Finance&Insurance,2019,1,6815.9
Food&BeverageServices,2019,1,971.8
Health&SocialServices,2019,1,2834.5
Information&Communications,2019,1,3406.1
Manufacturing,2019,1,6982.8
OtherGoodsIndustries,2019,1,20.4
OtherServices-Others,2019,1,1322.4
OtherServicesIndustries,2019,1,11994.7
ProfessionalServices,2019,1,5291.6
PublicAdministration&Defence,2019,1,4025.8
RealEstate,2019,1,879.7
"RealEstate,ProfessionalServicesAndAdministrative&SupportServices",2019,1,8245.1
RetailTrade,2019,1,1182.8
Total,2019,1,54037.2
Transportation&Storage,2019,1,3575.9
Utilities,2019,1,451.1
Wholesale&RetailTrade,2019,1,7752.6
WholesaleTrade,2019,1,6569.8
Accommodation,2019,2,433.9
Accommodation&FoodServices,2019,2,1331.5
Administrative&SupportServices,2019,2,1953.3
"Arts,Entertainment&Recreation",2019,2,563.3
Construction,2019,2,2880.1
Education,2019,2,2768.8
Finance&Insurance,2019,2,6948.4
Food&BeverageServices,2019,2,897.6
Health&SocialServices,2019,2,2487.1
Information&Communications,2019,2,3492.8
Manufacturing,2019,2,6158.8
OtherGoodsIndustries,2019,2,18.4
OtherServices-Others,2019,2,1338
OtherServicesIndustries,2019,2,9570.7
ProfessionalServices,2019,2,4793.2
PublicAdministration&Defence,2019,2,2413.5
RealEstate,2019,2,779.2
"RealEstate,ProfessionalServicesAndAdministrative&SupportServices",2019,2,7525.7
RetailTrade,2019,2,1125.7
Total,2019,2,48438.2
Transportation&Storage,2019,2,3308.1
Utilities,2019,2,367.1
Wholesale&RetailTrade,2019,2,6836.6
WholesaleTrade,2019,2,5710.9
Accommodation,2019,3,429.6
Accommodation&FoodServices,2019,3,1333.2
Administrative&SupportServices,2019,3,1952.7
"Arts,Entertainment&Recreation",2019,3,573.1
Construction,2019,3,2885
Education,2019,3,2784.7
Finance&Insurance,2019,3,6890.5
Food&BeverageServices,2019,3,903.6
Health&SocialServices,2019,3,3138.6
Information&Communications,2019,3,3376.7
Manufacturing,2019,3,5986.2
OtherGoodsIndustries,2019,3,18
OtherServices-Others,2019,3,1363.9
OtherServicesIndustries,2019,3,10783.4
ProfessionalServices,2019,3,4847.6
PublicAdministration&Defence,2019,3,2923.1
RealEstate,2019,3,747.4
"RealEstate,ProfessionalServicesAndAdministrative&SupportServices",2019,3,7547.7
RetailTrade,2019,3,1275.2
Total,2019,3,49435.2
Transportation&Storage,2019,3,3406.7
Utilities,2019,3,372.5
Wholesale&RetailTrade,2019,3,6835.3
WholesaleTrade,2019,3,5560.1
Accommodation,2019,4,519
Accommodation&FoodServices,2019,4,1466.2
Administrative&SupportServices,2019,4,2134.9
"Arts,Entertainment&Recreation",2019,4,551.5
Construction,2019,4,3112.1
Education,2019,4,2968.8
Finance&Insurance,2019,4,7333.7
Food&BeverageServices,2019,4,947.2
Health&SocialServices,2019,4,2463.5
Information&Communications,2019,4,3759.3
Manufacturing,2019,4,7329.6
OtherGoodsIndustries,2019,4,19.9
OtherServices-Others,2019,4,1397.5
OtherServicesIndustries,2019,4,10579
ProfessionalServices,2019,4,5539
PublicAdministration&Defence,2019,4,3197.7
RealEstate,2019,4,854.7
"RealEstate,ProfessionalServicesAndAdministrative&SupportServices",2019,4,8528.6
RetailTrade,2019,4,1293.2
Total,2019,4,54113.4
Transportation&Storage,2019,4,3634.7
Utilities,2019,4,411.2
Wholesale&RetailTrade,2019,4,7939.1
WholesaleTrade,2019,4,6645.9
Accommodation,2020,1,524
Accommodation&FoodServices,2020,1,1464.9
Administrative&SupportServices,2020,1,2150.7
"Arts,Entertainment&Recreation",2020,1,643.3
Construction,2020,1,3152.5
Education,2020,1,3203.5
Finance&Insurance,2020,1,7111.3
Food&BeverageServices,2020,1,940.9
Health&SocialServices,2020,1,2964.5
Information&Communications,2020,1,4121.1
Manufacturing,2020,1,6968.3
OtherGoodsIndustries,2020,1,20.6
OtherServices-Others,2020,1,1331.2
OtherServicesIndustries,2020,1,12255.2
ProfessionalServices,2020,1,5457.8
PublicAdministration&Defence,2020,1,4112.7
RealEstate,2020,1,911.7
"RealEstate,ProfessionalServicesAndAdministrative&SupportServices",2020,1,8520.2
RetailTrade,2020,1,1103.7
Total,2020,1,55328.2
Transportation&Storage,2020,1,3546
Utilities,2020,1,459.4
Wholesale&RetailTrade,2020,1,7708.7
WholesaleTrade,2020,1,6605
Accommodation,2020,2,356.6
Accommodation&FoodServices,2020,2,1115.8
Administrative&SupportServices,2020,2,2024.9
"Arts,Entertainment&Recreation",2020,2,510.1
Construction,2020,2,2624
Education,2020,2,2841.8
Finance&Insurance,2020,2,7222.5
Food&BeverageServices,2020,2,759.2
Health&SocialServices,2020,2,2635.2
Information&Communications,2020,2,4166.2
Manufacturing,2020,2,6099.6
OtherGoodsIndustries,2020,2,18
OtherServices-Others,2020,2,1284.8
OtherServicesIndustries,2020,2,9760.2
ProfessionalServices,2020,2,4992.6
PublicAdministration&Defence,2020,2,2488.3
RealEstate,2020,2,741.3
"RealEstate,ProfessionalServicesAndAdministrative&SupportServices",2020,2,7758.8
RetailTrade,2020,2,1019.9
Total,2020,2,48653.2
Transportation&Storage,2020,2,2977.1
Utilities,2020,2,371.6
Wholesale&RetailTrade,2020,2,6539.4
WholesaleTrade,2020,2,5519.5
Accommodation,2020,3,357.2
Accommodation&FoodServices,2020,3,1152.6
Administrative&SupportServices,2020,3,1996.8
"Arts,Entertainment&Recreation",2020,3,503.3
Construction,2020,3,2595.2
Education,2020,3,2705.3
Finance&Insurance,2020,3,7139
Food&BeverageServices,2020,3,795.4
Health&SocialServices,2020,3,3303.7
Information&Communications,2020,3,3935.8
Manufacturing,2020,3,5849.1
OtherGoodsIndustries,2020,3,17.7
OtherServices-Others,2020,3,1290.2
OtherServicesIndustries,2020,3,10343.7
ProfessionalServices,2020,3,4894.1
PublicAdministration&Defence,2020,3,2541.2
RealEstate,2020,3,708.5
"RealEstate,ProfessionalServicesAndAdministrative&SupportServices",2020,3,7599.4
RetailTrade,2020,3,1158.3
Total,2020,3,48591.4
Transportation&Storage,2020,3,3005.7
Utilities,2020,3,384.8
Wholesale&RetailTrade,2020,3,6568.4
WholesaleTrade,2020,3,5410.1
Accommodation,2020,4,406.9
Accommodation&FoodServices,2020,4,1263.1
Administrative&SupportServices,2020,4,2116.2
"Arts,Entertainment&Recreation",2020,4,488.1
Construction,2020,4,2842
Education,2020,4,3006.1
Finance&Insurance,2020,4,7677.5
Food&BeverageServices,2020,4,856.2
Health&SocialServices,2020,4,2662.6
Information&Communications,2020,4,4385.1
Manufacturing,2020,4,7232.9
OtherGoodsIndustries,2020,4,20.2
OtherServices-Others,2020,4,1343.6
OtherServicesIndustries,2020,4,10687.2
ProfessionalServices,2020,4,5654.2
PublicAdministration&Defence,2020,4,3186.8
RealEstate,2020,4,829
"RealEstate,ProfessionalServicesAndAdministrative&SupportServices",2020,4,8599.4
RetailTrade,2020,4,1200.5
Total,2020,4,54259.8
Transportation&Storage,2020,4,3408.4
Utilities,2020,4,419.7
Wholesale&RetailTrade,2020,4,7724.3
WholesaleTrade,2020,4,6523.8
Accommodation,2021,1,354.5
Accommodation&FoodServices,2021,1,1248.1
Administrative&SupportServices,2021,1,2163.7
"Arts,Entertainment&Recreation",2021,1,518.6
Construction,2021,1,3270.5
Education,2021,1,3231.8
Finance&Insurance,2021,1,7632.7
Food&BeverageServices,2021,1,893.6
Health&SocialServices,2021,1,3338.3
Information&Communications,2021,1,4723
Manufacturing,2021,1,6710.1
OtherGoodsIndustries,2021,1,21.9
OtherServices-Others,2021,1,1291.5
OtherServicesIndustries,2021,1,12720.2
ProfessionalServices,2021,1,5753.5
PublicAdministration&Defence,2021,1,4340
RealEstate,2021,1,872.5
"RealEstate,ProfessionalServicesAndAdministrative&SupportServices",2021,1,8789.7
RetailTrade,2021,1,1131.2
Total,2021,1,56671.2
Transportation&Storage,2021,1,3385
Utilities,2021,1,479.7
Wholesale&RetailTrade,2021,1,7690.3
WholesaleTrade,2021,1,6559.1
Accommodation,2021,2,334.9
Accommodation&FoodServices,2021,2,1176.8
Administrative&SupportServices,2021,2,2124.1
"Arts,Entertainment&Recreation",2021,2,513.1
Construction,2021,2,3009.9
Education,2021,2,3012.2
Finance&Insurance,2021,2,7800.3
Food&BeverageServices,2021,2,841.9
Health&SocialServices,2021,2,2900.8
Information&Communications,2021,2,4953.4
Manufacturing,2021,2,6284.7
OtherGoodsIndustries,2021,2,20.2
OtherServices-Others,2021,2,1360.5
OtherServicesIndustries,2021,2,10446.6
ProfessionalServices,2021,2,5249.6
PublicAdministration&Defence,2021,2,2660
RealEstate,2021,2,744.4
"RealEstate,ProfessionalServicesAndAdministrative&SupportServices",2021,2,8118.1
RetailTrade,2021,2,1133.3
Total,2021,2,52284.2
Transportation&Storage,2021,2,3131.8
Utilities,2021,2,399.9
Wholesale&RetailTrade,2021,2,6942.5
WholesaleTrade,2021,2,5809.2
Accommodation,2021,3,332.5
Accommodation&FoodServices,2021,3,1170.8
Administrative&SupportServices,2021,3,2156.1
"Arts,Entertainment&Recreation",2021,3,506.2
Construction,2021,3,3042.7
Education,2021,3,2950.4
Finance&Insurance,2021,3,7696.8
Food&BeverageServices,2021,3,838.3
Health&SocialServices,2021,3,3574.5
Information&Communications,2021,3,4768.5
Manufacturing,2021,3,6115.9
OtherGoodsIndustries,2021,3,20.1
OtherServices-Others,2021,3,1333.5
OtherServicesIndustries,2021,3,11206.4
ProfessionalServices,2021,3,5465.5
PublicAdministration&Defence,2021,3,2841.8
RealEstate,2021,3,727.3
"RealEstate,ProfessionalServicesAndAdministrative&SupportServices",2021,3,8348.9
RetailTrade,2021,3,1240.5
Total,2021,3,52712.8
Transportation&Storage,2021,3,3087.2
Utilities,2021,3,405
Wholesale&RetailTrade,2021,3,6850.5
WholesaleTrade,2021,3,5610
Accommodation,2021,4,405.3
Accommodation&FoodServices,2021,4,1301.5
Administrative&SupportServices,2021,4,2363.4
"Arts,Entertainment&Recreation",2021,4,506
Construction,2021,4,3409.3
Education,2021,4,3290.9
Finance&Insurance,2021,4,8247.2
Food&BeverageServices,2021,4,896.2
Health&SocialServices,2021,4,2948
Information&Communications,2021,4,5326.7
Manufacturing,2021,4,7849.8
OtherGoodsIndustries,2021,4,21.9
OtherServices-Others,2021,4,1380.3
OtherServicesIndustries,2021,4,12064.6
ProfessionalServices,2021,4,6428
PublicAdministration&Defence,2021,4,3939.4
RealEstate,2021,4,893.6
"RealEstate,ProfessionalServicesAndAdministrative&SupportServices",2021,4,9685
RetailTrade,2021,4,1265.6
Total,2021,4,59994.8
Transportation&Storage,2021,4,3585.5
Utilities,2021,4,469.6
Wholesale&RetailTrade,2021,4,8033.7
WholesaleTrade,2021,4,6768.1
Accommodation,2022,1,401.6
Accommodation&FoodServices,2022,1,1353.3
Administrative&SupportServices,2022,1,2468.1
"Arts,Entertainment&Recreation",2022,1,596.9
Construction,2022,1,3803.5
Education,2022,1,3633.4
Finance&Insurance,2022,1,8161.3
Food&BeverageServices,2022,1,951.7
Health&SocialServices,2022,1,3618.2
Information&Communications,2022,1,5741.2
Manufacturing,2022,1,7470.9
OtherGoodsIndustries,2022,1,22.9
OtherServices-Others,2022,1,1362.3
OtherServicesIndustries,2022,1,13772.8
ProfessionalServices,2022,1,6687.1
PublicAdministration&Defence,2022,1,4562
RealEstate,2022,1,948.7
"RealEstate,ProfessionalServicesAndAdministrative&SupportServices",2022,1,10103.9
RetailTrade,2022,1,1170.8
Total,2022,1,62760.5
Transportation&Storage,2022,1,3752.6
Utilities,2022,1,506.5
Wholesale&RetailTrade,2022,1,8071.6
WholesaleTrade,2022,1,6900.8
Accommodation,2022,2,362.8
Accommodation&FoodServices,2022,2,1268.3
Administrative&SupportServices,2022,2,2338
"Arts,Entertainment&Recreation",2022,2,557
Construction,2022,2,3390.5
Education,2022,2,2931.6
Finance&Insurance,2022,2,8480.2
Food&BeverageServices,2022,2,905.5
Health&SocialServices,2022,2,3131.7
Information&Communications,2022,2,5875.7
Manufacturing,2022,2,6651.5
OtherGoodsIndustries,2022,2,21.5
OtherServices-Others,2022,2,1389
OtherServicesIndustries,2022,2,10629.2
ProfessionalServices,2022,2,6111.6
PublicAdministration&Defence,2022,2,2619.9
RealEstate,2022,2,806
"RealEstate,ProfessionalServicesAndAdministrative&SupportServices",2022,2,9255.6
RetailTrade,2022,2,1227.9
Total,2022,2,56870.3
Transportation&Storage,2022,2,3573.1
Utilities,2022,2,421.7
Wholesale&RetailTrade,2022,2,7303
WholesaleTrade,2022,2,6075.1
Accommodation,2022,3,381.4
Accommodation&FoodServices,2022,3,1323
Administrative&SupportServices,2022,3,2311.1
"Arts,Entertainment&Recreation",2022,3,602.4
Construction,2022,3,3529.8
Education,2022,3,3031.6
Finance&Insurance,2022,3,8492.9
Food&BeverageServices,2022,3,941.6
Health&SocialServices,2022,3,3878.3
Information&Communications,2022,3,5678.5
Manufacturing,2022,3,6625.5
OtherGoodsIndustries,2022,3,20.5
OtherServices-Others,2022,3,1424.5
OtherServicesIndustries,2022,3,12128.1
ProfessionalServices,2022,3,6374.5
PublicAdministration&Defence,2022,3,3191.3
RealEstate,2022,3,771.7
"RealEstate,ProfessionalServicesAndAdministrative&SupportServices",2022,3,9457.3
RetailTrade,2022,3,1346.7
Total,2022,3,58537.5
Transportation&Storage,2022,3,3626.8
Utilities,2022,3,440.3
Wholesale&RetailTrade,2022,3,7214.8
WholesaleTrade,2022,3,5868.1
Accommodation,2022,4,486.5
Accommodation&FoodServices,2022,4,1537.6
Administrative&SupportServices,2022,4,2522
"Arts,Entertainment&Recreation",2022,4,620.6
Construction,2022,4,4140.5
Education,2022,4,3394.7
Finance&Insurance,2022,4,9552.1
Food&BeverageServices,2022,4,1051.1
Health&SocialServices,2022,4,3137.7
Information&Communications,2022,4,6133.2
Manufacturing,2022,4,8300.4
OtherGoodsIndustries,2022,4,22.5
OtherServices-Others,2022,4,1496.1
OtherServicesIndustries,2022,4,12830.8
ProfessionalServices,2022,4,7430.7
PublicAdministration&Defence,2022,4,4181.7
RealEstate,2022,4,968.8
"RealEstate,ProfessionalServicesAndAdministrative&SupportServices",2022,4,10921.5
RetailTrade,2022,4,1425
Total,2022,4,66654.2
Transportation&Storage,2022,4,4073.1
Utilities,2022,4,510.6
Wholesale&RetailTrade,2022,4,8631.9
WholesaleTrade,2022,4,7206.9
Accommodation,2023,1,542.2
Accommodation&FoodServices,2023,1,1609.3
Administrative&SupportServices,2023,1,2512.9
"Arts,Entertainment&Recreation",2023,1,739.1
Construction,2023,1,4293.2
Education,2023,1,3860.6
Finance&Insurance,2023,1,9133.4
Food&BeverageServices,2023,1,1067.1
Health&SocialServices,2023,1,3641.6
Information&Communications,2023,1,6444.3
Manufacturing,2023,1,7986.5
OtherGoodsIndustries,2023,1,23.3
OtherServices-Others,2023,1,1458.9
OtherServicesIndustries,2023,1,14601.3
ProfessionalServices,2023,1,7393.7
PublicAdministration&Defence,2023,1,4901.1
RealEstate,2023,1,994.4
"RealEstate,ProfessionalServicesAndAdministrative&SupportServices",2023,1,10901
RetailTrade,2023,1,1283.7
Total,2023,1,68135.6
Transportation&Storage,2023,1,4019.9
Utilities,2023,1,547.1
Wholesale&RetailTrade,2023,1,8576.3
WholesaleTrade,2023,1,7292.6
Accommodation,2023,2,444.6
Accommodation&FoodServices,2023,2,1453.9
Administrative&SupportServices,2023,2,2401.1
"Arts,Entertainment&Recreation",2023,2,673.9
Construction,2023,2,3783.9
Education,2023,2,3117
Finance&Insurance,2023,2,9557.3
Food&BeverageServices,2023,2,1009.3
Health&SocialServices,2023,2,3420.6
Information&Communications,2023,2,6404.1
Manufacturing,2023,2,6942.5
OtherGoodsIndustries,2023,2,21.5
OtherServices-Others,2023,2,1504.7
OtherServicesIndustries,2023,2,11644.7
ProfessionalServices,2023,2,6761.3
PublicAdministration&Defence,2023,2,2928.5
RealEstate,2023,2,848.6
"RealEstate,ProfessionalServicesAndAdministrative&SupportServices",2023,2,10011
RetailTrade,2023,2,1363.6
Total,2023,2,62099.3
Transportation&Storage,2023,2,3905.1
Utilities,2023,2,459.6
Wholesale&RetailTrade,2023,2,7915.7
WholesaleTrade,2023,2,6552.1
Accommodation,2023,3,450
Accommodation&FoodServices,2023,3,1483
Administrative&SupportServices,2023,3,2398.3
"Arts,Entertainment&Recreation",2023,3,658.3
Construction,2023,3,3856.3
Education,2023,3,3267.5
Finance&Insurance,2023,3,9342.7
Food&BeverageServices,2023,3,1033
Health&SocialServices,2023,3,4296.9
Information&Communications,2023,3,5978.7
Manufacturing,2023,3,6845.1
OtherGoodsIndustries,2023,3,21
OtherServices-Others,2023,3,1542.4
OtherServicesIndustries,2023,3,13050.2
ProfessionalServices,2023,3,6783.3
PublicAdministration&Defence,2023,3,3285.1
RealEstate,2023,3,795.8
"RealEstate,ProfessionalServicesAndAdministrative&SupportServices",2023,3,9977.4
RetailTrade,2023,3,1496.5
Total,2023,3,62940
Transportation&Storage,2023,3,4106.9
Utilities,2023,3,484.5
Wholesale&RetailTrade,2023,3,7794.2
WholesaleTrade,2023,3,6297.7
Accommodation,2023,4,552.2
Accommodation&FoodServices,2023,4,1676
Administrative&SupportServices,2023,4,2589.8
"Arts,Entertainment&Recreation",2023,4,656.7
Construction,2023,4,4389.9
Education,2023,4,3395
Finance&Insurance,2023,4,10087.6
Food&BeverageServices,2023,4,1123.8
Health&SocialServices,2023,4,3479.1
Information&Communications,2023,4,6378.8
Manufacturing,2023,4,8338.7
OtherGoodsIndustries,2023,4,22.6
OtherServices-Others,2023,4,1611.7
OtherServicesIndustries,2023,4,13222.6
ProfessionalServices,2023,4,7699.1
PublicAdministration&Defence,2023,4,4080.1
RealEstate,2023,4,953.9
"RealEstate,ProfessionalServicesAndAdministrative&SupportServices",2023,4,11242.8
RetailTrade,2023,4,1506.2
Total,2023,4,69209.2
Transportation&Storage,2023,4,4156
Utilities,2023,4,502.5
Wholesale&RetailTrade,2023,4,9191.7
WholesaleTrade,2023,4,7685.5
Accommodation,2024,1,612.9
Accommodation&FoodServices,2024,1,1765.3
Administrative&SupportServices,2024,1,2635.6
"Arts,Entertainment&Recreation",2024,1,780.5
Construction,2024,1,4582.9
Education,2024,1,4008.9
Finance&Insurance,2024,1,10066.7
Food&BeverageServices,2024,1,1152.4
Health&SocialServices,2024,1,3998.5
Information&Communications,2024,1,6658.9
Manufacturing,2024,1,8137.5
OtherGoodsIndustries,2024,1,23.7
OtherServices-Others,2024,1,1574.2
OtherServicesIndustries,2024,1,15307.3
ProfessionalServices,2024,1,7696.9
PublicAdministration&Defence,2024,1,4945.2
RealEstate,2024,1,1022.9
"RealEstate,ProfessionalServicesAndAdministrative&SupportServices",2024,1,11355.4
RetailTrade,2024,1,1380
Total,2024,1,71901.1
Transportation&Storage,2024,1,4231.5
Utilities,2024,1,574
Wholesale&RetailTrade,2024,1,9197.9
WholesaleTrade,2024,1,7817.9
Accommodation,2024,2,488.1
Accommodation&FoodServices,2024,2,1559.7
Administrative&SupportServices,2024,2,2505.3
"Arts,Entertainment&Recreation",2024,2,737.2
Construction,2024,2,3994.6
Education,2024,2,3294.6
Finance&Insurance,2024,2,9963.5
Food&BeverageServices,2024,2,1071.6
Health&SocialServices,2024,2,3745.5
Information&Communications,2024,2,6569.4
Manufacturing,2024,2,7120.5
OtherGoodsIndustries,2024,2,22.5
OtherServices-Others,2024,2,1623.6
OtherServicesIndustries,2024,2,12423.1
ProfessionalServices,2024,2,6917.9
PublicAdministration&Defence,2024,2,3022.2
RealEstate,2024,2,843.4
"RealEstate,ProfessionalServicesAndAdministrative&SupportServices",2024,2,10266.6
RetailTrade,2024,2,1418.1
Total,2024,2,64766.2
Transportation&Storage,2024,2,4016.8
Utilities,2024,2,472.6
Wholesale&RetailTrade,2024,2,8356.9
WholesaleTrade,2024,2,6938.8
Accommodation,2024,3,490.4
Accommodation&FoodServices,2024,3,1586.7
Administrative&SupportServices,2024,3,2514.5
"Arts,Entertainment&Recreation",2024,3,711
Construction,2024,3,4066.9
Education,2024,3,3453.8
Finance&Insurance,2024,3,9880.1
Food&BeverageServices,2024,3,1096.3
Health&SocialServices,2024,3,4735.2
Information&Communications,2024,3,6086.2
Manufacturing,2024,3,7025.2
OtherGoodsIndustries,2024,3,22
OtherServices-Others,2024,3,1668.9
OtherServicesIndustries,2024,3,14110.2
ProfessionalServices,2024,3,6975.1
PublicAdministration&Defence,2024,3,3541.3
RealEstate,2024,3,822.7
"RealEstate,ProfessionalServicesAndAdministrative&SupportServices",2024,3,10312.3
RetailTrade,2024,3,1554.9
Total,2024,3,66059.3
Transportation&Storage,2024,3,4228.5
Utilities,2024,3,510.7
Wholesale&RetailTrade,2024,3,8230.5
WholesaleTrade,2024,3,6675.6
Accommodation,2024,4,591.9
Accommodation&FoodServices,2024,4,1781.7
Administrative&SupportServices,2024,4,2724.1
"Arts,Entertainment&Recreation",2024,4,702
Construction,2024,4,4638
Education,2024,4,3676.7
Finance&Insurance,2024,4,11011
Food&BeverageServices,2024,4,1189.8
Health&SocialServices,2024,4,3837.4
Information&Communications,2024,4,6412.3
Manufacturing,2024,4,8822.7
OtherGoodsIndustries,2024,4,23.3
OtherServices-Others,2024,4,1726.8
OtherServicesIndustries,2024,4,14484.1
ProfessionalServices,2024,4,7995.6
PublicAdministration&Defence,2024,4,4541.2
RealEstate,2024,4,992.4
"RealEstate,ProfessionalServicesAndAdministrative&SupportServices",2024,4,11712.1
RetailTrade,2024,4,1571
Total,2024,4,73223.2
Transportation&Storage,2024,4,4202.8
Utilities,2024,4,517.5
Wholesale&RetailTrade,2024,4,9617.7
WholesaleTrade,2024,4,8046.7
Accommodation,2025,1,647
Accommodation&FoodServices,2025,1,1847.7
Administrative&SupportServices,2025,1,2770.8
"Arts,Entertainment&Recreation",2025,1,856.2
Construction,2025,1,4831.8
Education,2025,1,4061
Finance&Insurance,2025,1,10738.9
Food&BeverageServices,2025,1,1200.7
Health&SocialServices,2025,1,4332.4
Information&Communications,2025,1,6821
Manufacturing,2025,1,8440.3
OtherGoodsIndustries,2025,1,24.7
OtherServices-Others,2025,1,1673.3
OtherServicesIndustries,2025,1,16090.6
ProfessionalServices,2025,1,7981.3
PublicAdministration&Defence,2025,1,5167.7
RealEstate,2025,1,1033
"RealEstate,ProfessionalServicesAndAdministrative&SupportServices",2025,1,11785.1
RetailTrade,2025,1,1436.6
Total,2025,1,74896.5
Transportation&Storage,2025,1,4235.8
Utilities,2025,1,575.9
Wholesale&RetailTrade,2025,1,9504.7
WholesaleTrade,2025,1,8068.1
