Industry,nonresident_dependency,industry_share,Y_Value,Medium,High,Low
Accommodation,Medium,0.003,1,0.003,#N/A,#N/A
Accommodation&FoodServices,High,0.01,2,#N/A,0.01,#N/A
Administrative&SupportServices,Medium,0.015,3,0.015,#N/A,#N/A
"Arts,Entertainment&Recreation",Medium,0.004,4,0.004,#N/A,#N/A
Construction,High,0.025,5,#N/A,0.025,#N/A
Education,Medium,0.021,6,0.021,#N/A,#N/A
Finance&Insurance,Low,0.059,7,#N/A,#N/A,0.059
Food&BeverageServices,Medium,0.006,8,0.006,#N/A,#N/A
Health&SocialServices,Medium,0.024,9,0.024,#N/A,#N/A
Information&Communications,Low,0.037,10,#N/A,#N/A,0.037
Manufacturing,Medium,0.045,11,0.045,#N/A,#N/A
OtherGoodsIndustries,Medium,0,12,0,#N/A,#N/A
OtherServices-Others,Medium,0.01,13,0.01,#N/A,#N/A
OtherServicesIndustries,Medium,0.081,14,0.081,#N/A,#N/A
ProfessionalServices,Medium,0.043,15,0.043,#N/A,#N/A
PublicAdministration&Defence,Medium,0.023,16,0.023,#N/A,#N/A
RealEstate,Medium,0.005,17,0.005,#N/A,#N/A
"RealEstate,ProfessionalServicesAndAdministrative&SupportServices",Medium,0.063,18,0.063,#N/A,#N/A
RetailTrade,Medium,0.009,19,0.009,#N/A,#N/A
Total,Medium,0.398,20,0.398,#N/A,#N/A
Transportation&Storage,Medium,0.024,21,0.024,#N/A,#N/A
Utilities,Medium,0.003,22,0.003,#N/A,#N/A
Wholesale&RetailTrade,Medium,0.051,23,0.051,#N/A,#N/A
WholesaleTrade,Medium,0.042,24,0.042,#N/A,#N/A
