industry,2015,2024,growth_rate
Accommodation,458.7,535.9,0.168301722
Accommodation&FoodServices,1342.3,1646.925,0.226942561
Administrative&SupportServices,1648.9,2561.3,0.553338589
"Arts,Entertainment&Recreation",579.2,721.35,0.245424724
Construction,3346.3,4258.575,0.272622
Education,2900.8,3538.075,0.219689396
Finance&Insurance,5759,9999.475,0.73632141
Food&BeverageServices,883.6,1111.025,0.257384563
Health&SocialServices,2190.2,3989.575,0.821557392
Information&Communications,2445.9,6423.325,1.626160105
Manufacturing,6836.9,7655.475,0.119728971
OtherGoodsIndustries,17.4,22.7,0.304597701
OtherServices-Others,1063.1,1619.6,0.5234691
OtherServicesIndustries,9863.2,13765.8,0.395672804
ProfessionalServices,4413.3,7322.25,0.659132622
PublicAdministration&Defence,3129.9,3897.2,0.245151602
RealEstate,855.7,910.725,0.064304079
"RealEstate,ProfessionalServicesAndAdministrative&SupportServices",6917.9,10794.275,0.560339843
RetailTrade,1080.7,1464.8,0.355417785
Total,46809.4,67983.95,0.452356792
Transportation&Storage,3093.3,4158.2,0.344260175
Utilities,429.7,514.95,0.198394229
Wholesale&RetailTrade,6757.5,8744.25,0.294006659
WholesaleTrade,5676.8,7279.45,0.282315741
